{"val_image_accuracy": 0.76953125, "train_image_accuracy": 0.72265625, "cosine_sim_metric": 0.4919050335884094, "train_loss": 3.7758564949035645, "_timestamp": 1700444362, "_runtime": 65, "_step": 0}